-- Adminer 4.6.3 PostgreSQL dump

DROP TABLE IF EXISTS CLIENT;
DROP SEQUENCE IF EXISTS CLIENT_ID_seq;
CREATE SEQUENCE CLIENT_ID_seq START 5 ;

CREATE TABLE CLIENT (
    ID integer DEFAULT nextval('CLIENT_ID_seq') NOT NULL,
    LASTNAME character varying(255) NOT NULL,
    FIRSTNAME character varying(255) NOT NULL,
    ADDRESS character varying(255) NOT NULL,
    PHONE character varying(12) NOT NULL,
    EMAIL character varying(255) NOT NULL,
    CLIENTLOGIN character varying(255) NOT NULL,
    CLIENTPASSWORD character varying(255) NOT NULL,
    CONSTRAINT CLIENT_ID PRIMARY KEY (ID)
) WITH (oids = false);


DROP TABLE IF EXISTS CLIENT_SESSION;
DROP SEQUENCE IF EXISTS CLIENT_SESSION_ID_seq;
CREATE SEQUENCE CLIENT_SESSION_ID_seq START 6 ;

CREATE TABLE CLIENT_SESSION (
    ID integer DEFAULT nextval('CLIENT_SESSION_ID_seq') NOT NULL,
    SESSION_ID integer NOT NULL,
    CLIENT_ID integer NOT NULL,
    CONSTRAINT CLIENT_SESSION_ID PRIMARY KEY (ID)
) WITH (oids = false);

DROP TABLE IF EXISTS COURSE;
DROP SEQUENCE IF EXISTS COURSE_ID_seq;
CREATE SEQUENCE COURSE_ID_seq START 8 ;

CREATE TABLE COURSE (
	ID integer DEFAULT nextval('COURSE_ID_seq') NOT NULL,
    CODE character varying(255) UNIQUE NOT NULL,
    TITLE character varying(255) NOT NULL,
    CONSTRAINT COURSE_ID PRIMARY KEY (ID)
) WITH (oids = false);


DROP TABLE IF EXISTS COURSE_SESSION;
DROP SEQUENCE IF EXISTS COURSE_SESSION_ID_seq;
CREATE SEQUENCE COURSE_SESSION_ID_seq START 21 ;

CREATE TABLE COURSE_SESSION (
    ID integer DEFAULT nextval('COURSE_SESSION_ID_seq') NOT NULL,
    START_DATE timestamp NOT NULL,
    END_DATE timestamp NOT NULL,
    MAX integer NOT NULL,
    COURSE_CODE character varying(255) NOT NULL,
    LOCATION_ID integer NOT NULL,
    CONSTRAINT COURSE_SESSION_ID PRIMARY KEY (ID)
) WITH (oids = false);


DROP TABLE IF EXISTS LOCATION;
DROP SEQUENCE IF EXISTS LOCATION_ID_seq;
CREATE SEQUENCE LOCATION_ID_seq START 10 ;

CREATE TABLE LOCATION (
    ID integer DEFAULT nextval('LOCATION_ID_seq') NOT NULL,
    CITY character varying(255) NOT NULL,
    CONSTRAINT LOCATION_ID PRIMARY KEY (ID)
) WITH (oids = false);


\connect postgres;

TRUNCATE CLIENT;
INSERT INTO CLIENT (ID, LASTNAME, FIRSTNAME, ADDRESS, PHONE, EMAIL, CLIENTLOGIN, CLIENTPASSWORD) VALUES
(1,	'Bignou',	'Bernard',	'12 rue du quai',	'0789675412',	'bernard.bignou@utbm.fr',   'bignoub',  'testmdp'),
(2,	'Kun',	'Philippe',	'78bis boulevard saint Martin',	'0356782391',	'philippe.kun@mail.com',    'kunky',    'testmdp'),
(3,	'Molki',	'Christine',	'90 avenue François 1er',	'0678213215',	'christine.molki@mail.com', 'molkiki',  'testmdp');

TRUNCATE CLIENT_SESSION;
INSERT INTO CLIENT_SESSION (ID, SESSION_ID, CLIENT_ID) VALUES
(1,	1,	1),
(2,	1,	2),
(3,	1,	3),
(4,	2,	1),
(5,	4,	3);

TRUNCATE COURSE;
INSERT INTO COURSE (ID, CODE, TITLE) VALUES
(1,	'INFO01',	'Premier pas avec la suite Office'),
(2,	'INFO02',	'Office, utilisation avancee'),
(3,	'INFO01P',	'Tuto Python'),
(4,	'MANA01',	'Manager son equipe'),
(5,	'CUIS01',	'Preparer correctement sa dinde de noel'),
(6,	'CUIS02',	'Nuggets faciles'),
(7,	'JARD01',	'Reussir son bouturage');

TRUNCATE COURSE_SESSION;
INSERT INTO COURSE_SESSION (ID, START_DATE, END_DATE, MAX, COURSE_CODE, LOCATION_ID) VALUES
(1,		'2018-12-05 14:00:00',	'2018-12-05 18:00:00',	50,	'INFO01',	1),
(2,		'2018-12-09 14:00:00',	'2018-12-09 18:00:00',	15,	'CUIS01',	6),
(4,		'2019-12-05 15:00:00',	'2019-12-05 19:00:00',	5,	'JARD01',	3),
(10,	'2019-12-06 15:00:00',	'2019-12-06 19:00:00',	15,	'INFO02',	3),
(11,	'2019-12-05 15:00:00',	'2019-12-05 19:00:00',	20,	'CUIS02',	3),
(12,	'2019-12-05 15:00:00',	'2019-12-05 19:00:00',	7,	'MANA01',	3),
(13,	'2019-12-08 15:00:00',	'2019-12-08 19:00:00',	5,	'JARD01',	4),
(14,	'2019-12-10 15:00:00',	'2019-12-10 19:00:00',	10,	'INFO01P',	5),
(15,	'2019-12-05 15:00:00',	'2019-12-05 19:00:00',	6,	'JARD01',	6),
(16,	'2019-12-11 15:00:00',	'2019-12-11 19:00:00',	8,	'JARD01',	7),
(17,	'2019-12-12 15:00:00',	'2019-12-12 19:00:00',	32,	'JARD01',	8),
(18,	'2019-12-12 15:00:00',	'2019-12-12 19:00:00',	15,	'JARD01',	9),
(19,	'2019-12-11 15:00:00',	'2019-12-11 19:00:00',	12,	'JARD01',	1),
(20,	'2019-12-13 15:00:00',	'2019-12-13 19:00:00',	20,	'JARD01',	2);

TRUNCATE LOCATION;
INSERT INTO LOCATION (ID, CITY) VALUES
(1,	'Belfort'),
(2,	'Paris'),
(3,	'Marseille'),
(4,	'Epinal'),
(5,	'Dunkerque'),
(6,	'Sedan'),
(7,	'Brest'),
(8,	'Nancy'),
(9,	'Nantes');

ALTER TABLE CLIENT_SESSION ADD CONSTRAINT CLIENT_SESSION_CLIENT_ID_fkey FOREIGN KEY (CLIENT_ID) REFERENCES CLIENT(ID) ON UPDATE CASCADE ON DELETE CASCADE NOT DEFERRABLE,
    ADD CONSTRAINT CLIENT_SESSION_SESSION_ID_fkey FOREIGN KEY (SESSION_ID) REFERENCES COURSE_SESSION(ID) ON UPDATE CASCADE ON DELETE CASCADE NOT DEFERRABLE ;

ALTER TABLE COURSE_SESSION ADD CONSTRAINT COURSE_SESSION_COURSE_CODE_fkey FOREIGN KEY (COURSE_CODE) REFERENCES COURSE(CODE) ON UPDATE CASCADE ON DELETE CASCADE NOT DEFERRABLE,
    ADD CONSTRAINT COURSE_SESSION_LOCATION_ID_fkey FOREIGN KEY (LOCATION_ID) REFERENCES LOCATION(ID) ON UPDATE CASCADE ON DELETE CASCADE NOT DEFERRABLE ;

-- 2018-12-04 15:09:24.144859+00
